text,predicted_emotion,low_confidence_flag
"Yeah, it just sucks. It's just not fun, of course.",surprise,False
Please stop uploading twitter links. There's a reason people ask for/post mirrors.,optimism,False
There is a chance that I will have to go home soon.,fear,False
"Ah, there's probably been a call from somewhere.",sadness,True
Haha.,disgust,True
This guy is basically the referee in parliament and your right to like him. As for the rest in there thats questionable,anger,False
You stand still here and you stand still there.,optimism,True
What a douche canoe to take advantage of you like that.,optimism,True
Or something lighter.,sadness,False
[NAME] the people must be warned.,fear,True
Makes me sad I'll never be with a beautiful woman.,surprise,False
Im 13 I can't get a job..,surprise,True
"Ahh mate, come back any time and i'll make culturally inappropriate Third Reich gags and then we can get lit on bush chooks.",optimism,True
"Oh, dear.",surprise,True
"Yes, somewhere around that tree. Maxim, thank you.",joy,False
How can this hurt so much?,disgust,False
You're going to see everyone soon. So we are a team now.,disgust,True
"At this point, tracking down the fugitives...",joy,True
That suitcase doesn't come into the house.,surprise,True
place that as quickly as possible in the stairs behind you.,fear,False
Who like tension.,joy,True
"Sir, how do I get down here? Or is that not possible?",disgust,True
What...,disgust,False
"Two coins? No, two.",disgust,False
And you are not allowed to enter the secret passage at a red light.,fear,True
It's basically just doping.,anger,False
We really need to go faster. Slow down.,fear,False
"More rudeness, misogyny and sexism from [NAME]. If it wasn't so predictable it would be upsetting. [NAME]. ",optimism,False
"Oh, bad.",surprise,False
I have to crack something anyway and I'm already so lame.,optimism,False
"Nobody forced [NAME] to take [NAME] over [NAME], if he liked him that much then he should’ve just taken him.",optimism,True
">Take a payday loan, smoke some meth, buy a shitload of guns. Tell me which ideology this is and I'm sold",optimism,True
Doesn’t matter does it? It’s a joke. No need to get a designer/graphic artists involved to communicate the idea.,optimism,False
"but not a word can be said about it, nothing at all.",optimism,False
All the people in this thread are fucking disgusting,optimism,False
No. That has to be in the bathroom.,sadness,True
That adrenaline comes up.,disgust,False
They're going to put a hammer under that car.,fear,True
what the boys' walking route was.,joy,False
That would totally suck.,surprise,False
"Sorry, girl. You deserve better.",surprise,True
Enjoying the scooter ride.,joy,False
"No island council, we are safe and that means a wonderful atmosphere in the camp.",joy,False
Then they can go to my house now.,sadness,False
This must remain hygienically clean. Yes.,sadness,False
"No, it's not done yet, but it doesn't really work.",surprise,False
Then listen. It's a planned campaign. Stand still.,optimism,True
"Yeah, someone just has to go home.",surprise,False
So that you are no longer individual.,disgust,True
that the fugitives immediately disperse across the city.,fear,True
"Second, you accuse everyone who didn't ignore you of being a Russian propaganda poster",optimism,False
You know that nothing is certain in this game.,fear,True
What then?,disgust,False
Also Republicanism is a belief system. It's taught and handed down like religion. Conservative talk radio is its evangelism.,anger,False
Don't know. Don't know.,disgust,True
oh my [NAME]. it was hurting my brain. i only saw the disappearing boot and thought i was missing something.,surprise,False
"Dark and funny, but not really nice guy. He has yet to call the dead girls whores for declining to sleep with him. ",anger,False
That's not even deconstructed. It's just unassembled.,anger,True
I wouldn’t recommend expensive brands in this subreddit. People get irrationally angry and condescending.,optimism,False
That doesn't suit us.,anger,False
Gotta protect’em!,fear,False
Someone has sex with that.,anger,True
"that Ashley, Alice, Tyron, Laylee and Sonja had to leave behind.",surprise,False
"If it stays like this, I won't be happy at all.",surprise,False
Oh my fuck.,disgust,False
Yes that is good.,joy,False
Calm down.,sadness,False
The girls are happy with their sleeping place.,joy,False
"We have no phone, no wallet, nothing.",surprise,False
Nope! It doesn't matter how stupid you were being.,optimism,False
Because otherwise I would never keep it up like this.,disgust,False
Cassava!,disgust,False
"People have made money off it. Belle Delphine was hit with a $60,000 fine recently",anger,True
Ah!,disgust,False
What...,disgust,False
MUSIC.,sadness,False
Otherwise we will be caught immediately.,fear,False
"Yeeeaaaah, move out and keep showing off the clam.",anger,True
"To that father, if they can pick them up.",joy,False
Come here boy!,sadness,False
Maybe that is a genuine way to recognize each other better.,joy,False
How autistic.,anger,False
Unfortunately.,surprise,False
arrived there by train just over an hour ago.,sadness,False
APPLAUSE.,disgust,False
"If they're around here, we're screwed, right? No.",fear,False
I've never seen a trailer resident in this house.,disgust,False
What do you mean?,disgust,False
"Very small village. Yes, but quite gone.",surprise,False
"But if they look at your phone later, do you want to delete it?",fear,True
For how long? For how long?,disgust,True
but that just didn't work out.,surprise,False
"Not difficult to recognize. Face mask, cap, without glasses.",disgust,True
Are they currently blonde?,joy,False
"And two students, who will pick them up at any moment.",sadness,True
I can't go all the way here either.,surprise,False
All three of them were not allowed to take their suitcases with them.,surprise,True
"Yes, they are still in Rotterdam.",sadness,False
"> It's upsetting. What can be done? We'll have to take it to the high courts, let them decide!",surprise,False
they decide to commit one of their premeditated mortal sins.,fear,True
Thank you for arranging. See you soon.,joy,False
"Yes. You cannot wash your hair in the kitchen, say, under the tap.",anger,False
Where are there cameras along the highway?,joy,True
Can I ask you something? We are on the run...,fear,False
"So either they've been knocked out, Dokiet, in 3039, Kilo, Kilo.",disgust,False
I do not think so.,anger,False
We'll see what that will mean for her fellow resident.,sadness,True
He told you that he hates your friends because they don't beat you up? That is so disgusting!,optimism,False
So we don't actually want to contact friends or family directly.,anger,True
CHEERS.,disgust,False
This is what you get for starring in a mediocre movie,anger,True
"But also the other way around. If, say, I notice that something is bothering you...",joy,False
"Okay, yes. Top.",sadness,False
#ERROR!,fear,False
MUSIC.,sadness,False
I really thought I was going to be here alone.,surprise,False
I *want* to like R&M but people are making it really difficult,optimism,True
There's just nothing.,surprise,False
After the lost landing test.,surprise,False
"Oh, wait.",disgust,False
"I'm excited. All of Belgium, all of the Netherlands are watching.",disgust,True
and transported blindfolded to a location unknown to them.,fear,False
I don't know. I don't know.,disgust,False
Should we try to win today?,joy,False
You really want to get off the ground?,joy,False
that I'm walking around with ponchos and that it's really pouring rain.,fear,False
With the underlying reason that we want to invest in it later?,joy,False
"Yes, I would just like to say...",sadness,False
We need to make a frame first and then how that bed...,sadness,False
"Watch out, boys!",fear,False
"What are we thinking, what kind of test?",disgust,False
"Come on, Bernard!",joy,True
And we can take advantage.,joy,False
Na. Rediting my post. Sorry for the ignorance.,optimism,True
That's a must.,joy,False
"Put it away with Lucia, with Dusty.",anger,True
Met Denise.,sadness,False
"[NAME] to [NAME]: ""Don't try and tell me how to defend""",optimism,False
that five people have already entered the house.,disgust,True
BUT WHY DOES SHE DO A FULL FACE/EYE LOOK THEN SKIP THE MASCARA?!?!! This has been driving me nuts.,optimism,False
I'm getting all the vibes from the first season again.,joy,True
They should not remain in the same place for more than 48 hours.,fear,True
Yes! It's nice to get into the water.,joy,False
Be careful with the Washington Times. It's not exactly the Washington Post.,fear,False
If [NAME] has similar role to end year then no way am I taking those over him ...especially Sony,anger,False
"Oh, no. I can not cook.",surprise,True
Man I hate kids,optimism,False
"We don't have time to recover, nothing at all.",optimism,True
"Ones with close ties to SA, anyway. An escaped apostate won't exactly be itching to run home.",fear,True
"Oh, I'm going to have to be alone here and everyone's just going to...",surprise,True
Filthy birdbrain-loving scum barely deserve the bullets needed to boot them off the mountain. Moreiya 4 life,optimism,False
"Won, super happy, but lost Aunt Frida.",surprise,False
Bringing it up now because you and many like you made this sub a hostile environment for voices of reason. Eat crow.,optimism,False
Is someone on the ground? Oh my God.,disgust,False
"Do you want a single? Yes, I've been single for four years.",sadness,True
LAUGHTER.,disgust,False
Bad.,anger,True
I do not think so.,anger,False
"Yeah, I've never seen a caravan resident in it.",disgust,False
"Okay, so maybe they can walk to your house now?",sadness,True
That's just this whole mind fuck.,optimism,False
"Yep, it would be super easy. Honestly makes me regret not doing that to the flames sub... /S kind of",surprise,False
There they are. There they are.,disgust,True
"Let's go, let's go, let's go, let's go, let's go.",joy,False
"Don't eat red cabbage on Monday. Well, I have tons of things like that.",anger,True
And the father...,sadness,False
We just want to vote for me.,joy,False
You need HELP!,fear,False
The couple who promised to return now stands before them.,joy,False
"I would pay money for [NAME] to not be my nurse. She will probably ""accudentally"" squeeze my nuts. Crazy bitch.",optimism,False
"We have no phone, no wallet.",surprise,False
"No, we didn't share anything. We really don't know anything.",disgust,True
I do not think so.,anger,False
Heh.,disgust,True
They've only been on the run for a few hours and paranoia is already setting in.,fear,False
You just don't want to be here.,anger,False
"No, you are just suggesting someone be at the ""perfect"" level of looking for a relationship. Suggesting someone be the perfect anything is just sillyness. ",anger,False
"Oh, I don't know at all.",disgust,False
And slipping. No.,anger,True
Fuck.,optimism,False
"You have a familiar face, but I just don't know it.",disgust,False
"You're both wrong NBA is an initialism, can't be pronounced as a word. Oh man I love reddit",anger,True
But we only get rid of them and then we don't have that hassle anymore.,joy,False
"In other words, who are you reprising? Are you single?",joy,False
No way whatsoever.,anger,True
i say no or in da club if they come to damce with me i walk away,optimism,False
Calm down.,sadness,False
"From, shouldn't this group app be deleted?",anger,False
My wife is out for shabbos and I'm so lonely without her :(,surprise,False
The hunters sense that Rajiv's parents are not telling the truth.,fear,True
We won't see them again. Eliminated first.,surprise,False
Sucks to suck,optimism,True
"I think you're more sociable now than you were then, right?",joy,False
Soon we will be betrayed by those people.,fear,False
I study primary education. My senior year.,joy,False
"I don't even dare go out into the street, do I?",fear,False
Do you see it? He misses sometimes.,surprise,False
"So we have to work in that environment, which is now being referred to as the cell market...",sadness,False
"I know the feeling, but you’re not disgusting. Happy new year!",surprise,True
It's just doping.,anger,False
"You're both wrong NBA is an initialism, can't be pronounced as a word. Oh man I love reddit",anger,True
That the bond with mom is so great and so important.,joy,False
"Just next her. She'll never find a SD anyway, she's all talk.",anger,True
"Grandma, I was shocked by you.",disgust,False
Real?,disgust,False
then something can cost others.,fear,False
Sorry just seemed like you were trying to make it a [NAME] thing,optimism,True
Because it could very well be that they have taken advantage of...,joy,True
"OP, this is the definition of manipulation. Ignore it, I promise it’ll be better for you in the long run. ",anger,True
"Thats not him :( the most recent comment literally starts with ""i'm not a dude"" ",anger,False
"Say what you want about me, I can take it... but stop slandering poor defenseless [NAME]...",optimism,False
"Jesus, yeah, just shit!",optimism,False
Let's go. Even stil.,disgust,True
with the whims of Big Brother.,optimism,True
from the outside world.,anger,True
"Stop, stop!",fear,False
Two.,sadness,False
Comes from Antwerp for 26 years. Here's Sonja.,sadness,False
And we are actually all doing very well with that now.,joy,False
"Great, thank you. Thank you.",joy,False
Then I'll be accused of being a racist.,anger,True
I was convinced that you can just use one of the above. If you clean up just like the truck in the back of one person beat him.,anger,True
"All right. What the fuck, maat.",optimism,False
Bad.,anger,True
MUSIC.,sadness,False
So wrong. Most every denomination believes they are the only ones who are doing it right and everyone else is going to rot in hell.,anger,False
"If that's the headquarters, then we're walking now",fear,False
Lemie wants to participate in Big Brother...,joy,False
"Watch out, watch out!",fear,False
Love the guy complaining the panel is stacked against the rich what with all the high tax rhetoric. *The WORLD is stacked against the rest of us.*,anger,True
No I do not know.,disgust,True
"So that's weird too, right?",disgust,False
and there he comes across a suspicious chat session.,fear,False
We can keep each other sharp.,joy,False
"That's what you have, it's in your blood.",disgust,True
"[NAME]: ""She seems useless""",anger,False
"Well, let's keep looking. Thank you.",joy,False
What are you doing? Fast? I had to cut three times.,optimism,False
I don’t think they really thought through the ramifications of putting a bunch of angry women through rigorous physical exercise with weapons. That uprising would be glorious!,anger,False
Rajiv's belongings may also be confiscated.,fear,True
"No, how shitty would that be? After a week.",surprise,False
"Dear Ashley, it's time for you to go.",surprise,False
And that's actually a really nice feeling.,joy,False
because hopefully you won't see them for a long time.,surprise,True
I really don't understand that. Oh yeah.,disgust,False
I have not started yet. I have so little energy.,surprise,True
I heard you talking quite early.,sadness,True
This is going to be important.,disgust,False
So that matter is now a priority.,disgust,True
"Niels, I have already found the vehicle at one of the turning points.",sadness,False
Why do we gotta wait for a week just for the devs to fix their mistake?,optimism,False
"Oh, wow.",disgust,False
Fantasize about violence then go home and pretend to be an edgy badass on Reddit.,anger,True
"Sorry, man.",surprise,False
Where Bishan and Shiva finally leave Rotterdam...,joy,True
Here? Oh great. Well.,disgust,False
"Unfortunately it didn't work out, I think she was almost there, Rita.",surprise,False
And.,sadness,False
His friends from the gymnastics group also call him the stripper.,anger,True
Hypocritical is pot calling the kettle genocide,anger,False
Can that phone be tracked?,joy,True
We're not going to do that.,anger,False
Yes. Can you explain a little more about that?,sadness,True
I feel a lot of pressure.,fear,False
Oh God. Then we'll be out in two days.,fear,True
Let's look further. Thank you for your time.,joy,False
"our new resident, Brigitte, wife of Lemie.",sadness,False
It's a tool that idiots install so they can tag users who post in subreddits they disagree with and immediately discount or attack said users,optimism,False
Makes my skin crawl,optimism,True
And I'm not allowed to wear my shoes at home either.,anger,False
"Go troll elsewhere. This woman needs support, not crass questions.",anger,False
Cut out the corner.,sadness,False
This video doesn't even show the shoes he was wearing...,anger,True
It is important to first carefully find out who you are dealing with.,fear,False
Where is this in relation to the Euromast?,joy,False
It also sucks that you don't have any coins.,surprise,False
Last year? Yes.,sadness,False
What do you want to do now? We have to leave.,fear,True
Big Brother has something completely different in mind.,joy,True
We do very well together under stress.,joy,False
Two and a half hours of walking.,sadness,False
We have to go faster or we won't make it.,fear,False
but no signals that the two have been there.,surprise,True
"Man, what the hell!",optimism,True
Looks like a classic subluxation; that guy needs to get to the chiropractor!,optimism,True
They’re looking at her like they wish they’d ordered her instead.,anger,True
Thank you.,joy,False
This is just a terrible joke,optimism,True
"I’d rather reply to you, simply because you sound like an idiot",optimism,False
I'm actually watching Sebas.,sadness,False
One person is not allowed through that revolving door.,anger,False
"This one, I think, is for me. Or yours.",disgust,True
This one tilted concrete square in my neighborhood that I keep fucking tripping over.,optimism,False
How are we going to sheep boys?,disgust,False
LAUGHTER.,disgust,False
"My nipples are rock hard right now, just ruined my shirt. ",anger,True
"Well, that won't work.",surprise,False
are together and I'm not.,disgust,True
Man.. all I know is if I’m with a girl and she whips out a condom from her FUCKING SHOE it’s a no from me dog,anger,True
The weather is hopeless.,surprise,False
It can only be that he gave the duo a lift...,disgust,False
"Yes, at home recuperating from a fractured ankle. ",surprise,True
"Here, this construction is not very good.",anger,False
We have to hide somewhere.,fear,False
Tasty!,joy,False
Then they know that we are leaving.,disgust,True
Are you top or bottom? I need to go under you real quick I'm gonna need you to take him on bar,fear,False
Hundred thousand.,disgust,True
"You have this kind of rhythm, first to the left until it starts to hurt...",optimism,True
from one of those scooters in Rotterdam.,sadness,False
"Yes, we have to fight for 100,000 euros again.",fear,True
so that any suspicious movement can be monitored.,fear,False
Thanks for helping. We'll take a look.,joy,False
Then it wasn't nice for you. We all don't have a suitcase.,surprise,False
Sounds like you are the one with salty tears mate,anger,True
We are on the run. Oh really? Yes.,fear,False
"Sonja, welcome. Hello.",sadness,False
This really makes me very tired.,surprise,False
They put 100% into those words.,joy,False
Get after it as quickly as possible.,fear,True
"Lol. Yes! [NAME] and his $14,000 suit love you but please don't touch him.",anger,True
Drunk and crying in bed with my pets. :|,surprise,False
What are we going to put on top?,joy,False
Well 216 is out now and Im crying. [NAME] why?,surprise,False
"Or don't notify the boss, and keep not singing Happy birthday in restaurants. (Maybe I'm just no fun?)",optimism,True
"Me, stop day.",sadness,True
Then we divide the cases and the hunt can begin.,joy,True
"Oh man. I feel so bad for her, but am morbidly curious at the same time. Got more pics? ",surprise,False
"Do not call? No, don't call anyone.",anger,True
All three have no suitcase.,surprise,False
Really great.,joy,False
or when we see people with phones on the cameras...,sadness,True
It's serious.,disgust,False
dude people here can be assholes. there’s nothing wrong with taking a break.,optimism,False
And? And.,disgust,True
Oh gosh that's no good! Perhaps the other options are better places to start,surprise,False
Yesterday I searched for...,sadness,False
Come on.,sadness,False
I didn't really prepare myself. I'm just going to let it happen to me.,disgust,True
In the Hoogvliet district he goes to get money from her ATM.,sadness,False
"Oh, what is this? Great.",disgust,False
"Yes, one of those duos is leaving.",surprise,False
"Wait a minute, wait a minute. You stay here.",optimism,True
">more money than you I seriously, *seriously* doubt that. >doing something before this guys are outta the country Prove it.",anger,True
"I'm not going to be alone here, am I?",fear,False
"that you can follow us day in, day out on our social media.",sadness,False
And This is for shooting down police helicopters,optimism,False
Two.,sadness,False
Okay I’ll call them tonight and cry on your behalf.,surprise,False
The hardest part about being on the run...,fear,False
And it is full of millions of surveillance cameras.,fear,False
And I don't get into that situation either. Yes.,sadness,False
"On trial, hey!",disgust,True
... [NAME] derangement syndrome sufferer spotted. What drivel you crazy lunatics say... The lies and falsehoods along with the out of place fearmongering is getting really annoying...,optimism,False
"He's pinging us, so he's live.",disgust,False
"It is open to it, but it is not.",surprise,True
It is defeat number two and it hits hard.,surprise,False
"Yes, you already notice, a lot is different than usual.",disgust,False
That's not a key.,anger,True
"Definitely. Once I discover their toxic personality, I couldn't care less about them.",anger,False
The kind of women they'll never get.,surprise,False
"Great, thanks. Go ahead. We'll follow you.",joy,True
Michael and Bo are now trying to map out...,sadness,False
I think I’ll go ahead and continue criticizing silly unfounded and harmful beliefs,optimism,False
So I'm going to use the pasta.,sadness,False
Oh jeez. Just look at her eyes compared to the other girls.,anger,True
Calm down.,sadness,False
Because imagine if they track you down...,fear,False
"I actually… Yeah, go take something off, right.",sadness,False
"I'm always a bit nervous about an island council myself,",fear,False
someone has to leave again.,surprise,False
Oh God. If they don't answer now...,fear,False
"My dad makes that joke ""I have to fight anorexia"", his BMI is 31...",optimism,True
Yes!,disgust,True
What is that here?,disgust,False
Do not.,anger,False
LAUGHTER.,disgust,False
"Shit, man. I shouldn't have done it.",surprise,True
You have to stay sharp.,fear,True
He already felt bad. He was the only one who came with a suitcase.,surprise,False
You are not staying in this house.,anger,False
Keep up the good work.,joy,False
"Hailing a van on the street, driving, that doesn't work.",surprise,True
This sub is becoming a “Gamers rise up” parody of itself. This is ridiculous.,optimism,False
Of course.,sadness,False
"If that's true, then you can't call what I would have with option 1 ""omnipotence"".",anger,True
Let me think. We have to go somewhere...,fear,True
"No, because asses that hot don't come in trenta",anger,False
There's not enough salt in the world for her!,optimism,True
In a country where everything we do digitally leaves traces every day.,fear,True
"Oh, this next to the chef. I think another power test.",joy,True
It doesn't matter. You can pick someone with the #1 Pick that will never be any good...,anger,True
I would of gone to the doctor way before that,surprise,False
I'm more saying that I think the south is a joke.,anger,False
"You’re right. My biggest pet peeve is the lights, it washes out all the colors and textures, I hate that BGs use them",optimism,False
and they do not rule out that he will come to their aid again.,joy,False
"Then there is only one goal and that is to make a fire as quickly as possible, because it is already getting dark.",fear,False
"Listen, what are we going to do now?",disgust,True
"Really screwed, man.",anger,True
"You know, up to his fist deep.",optimism,True
"Wow, the Wizards are horrible ",anger,True
What is he already doing then?,disgust,False
"> We're angry, but we don't want to be labelled as violent nutters.",optimism,False
How so?,disgust,True
Not seeing why that's depressing.,surprise,True
Calm down.,sadness,False
Or we go into hiding now. We pick up the phone and call the store.,fear,False
**You are breaking the car!**,optimism,False
"You see crabs, but you can't catch them.",disgust,False
"Me too, I find it scary.",fear,False
"I really wasn't sleeping well at all, you know.",surprise,False
He doesn't drive on.,disgust,True
"You may not be that smart, but I just don't want to slide.",fear,True
"I’ve legitimately never heard anything about disabled men relying on prostitution, nor have I heard any arguments using disabled men as a rationalization for prostitution.",anger,False
No. And don't text.,anger,True
"After all, you never know when a fight might arise.",fear,False
I'm sorry but your username is absolutely horrible lol,anger,True
But that's fucking longer than a park like that.,optimism,False
I can't do anything with this at the moment.,surprise,True
"No, I don't have my suitcase. Me neither.",surprise,False
"Rule 2, 3, and 7. Impressive. Goodbye.",anger,True
I can’t imagine having a plan B when it comes to dating. That just seems disrespectful to not devote yourself to the person your dating.,optimism,False
"Oh, and what kind of assignments have you already had?",joy,False
The puppy is actually suggesting that the use of laptop to be repulsive. ^^^^PCMR4Lyfe,anger,False
Because if you make a mistake...,fear,False
"The first impression, nice beach, but not much water in the sea.",sadness,False
"Just rumors online, it most likely won't happen",surprise,False
"I shouldn't be alone, right?",fear,False
The hunters feel that Rajiv's parents are not telling the truth.,anger,True
"Friends Tim and Guus, the first to leave Rotterdam after the start...",sadness,False
Awkwardly remembering all of those promises I made mid-panic attack...,fear,False
This is actually what I came back for.,joy,True
"Yeah, but you know, I see him in the picture.",joy,True
No no no!,optimism,False
"Oh, he should have left his phone in the store too.",disgust,True
If it's what you say...,joy,False
but of course that also means that you participate a little in Big Brother.,disgust,True
Are you this awful about everything that isn't your own preference?,anger,True
"I knew I didn't like this guy when the NPR commentator said ""He's the best option for attorney general right now""",anger,False
"No, I don't ask that question like that.",sadness,True
I dont get into politics much but if they want to echo chamber leave them alone it wont change them they will only get more angry,optimism,False
We still have some pasta left.,sadness,False
This is the worst I've ever seen. It really is,anger,False
Deep in the eyes.,anger,True
And I really think we're home again.,joy,True
"Fucking monophanie looking ass floating with the dead, nice.",anger,False
Not.,anger,True
"Now next time we go in, don't say anything...",fear,False
"No, I'm finishing myself off.",sadness,False
or other leads have been received.,sadness,True
"Agree. Keep trying, then if your rejected every time. I'm sorry your done.",surprise,False
Varnish!,fear,True
They are not yet confident that they are really under the radar.,fear,False
And I'm not allowed to wear my shoes at home either.,anger,False
"Yes, you said you are dying, I cannot do anything about that, hope you find peace",surprise,False
Make sure you walk a bit of a route.,sadness,False
Are you only coming to withdraw 50 euros? Yes. Not.,anger,True
can now bypass cameras.,sadness,True
But where wait...,disgust,False
But if we have the feeling that those hunters are really on our heels...,fear,False
"If it doesn't work, stop, stop, stop!",optimism,False
"No? Shit, sorry.",surprise,False
"Oh, I'm so excited.",disgust,False
They're even already inside somewhere.,joy,True
Do you have cyclist Thomas there?,joy,False
"The end, the end, the end.",surprise,False
Not without risk.,fear,False
Oh my God. Oh my God. Oh my God.,disgust,False
That's very strange for you. That doesn't suit me.,anger,False
I really do not know.,disgust,False
We have to get out of here as quickly as possible. We are on the run. I have my...,fear,False
Oh.,disgust,False
Otherwise I wouldn't bring it.,sadness,True
"Have fun toasting expired marshmallows in hell, lady-killer POS.",anger,False
The eye you chose is not Lennie's eye.,anger,True
Oh dear.,surprise,False
Sorry.,surprise,False
What a crazy route.,disgust,False
shhhh before you make the neocons angry,optimism,True
yo STOP going on your roof on dxm man you don't want to fall and hurt yourself,optimism,False
This is a slippery slippery slope that ends with the backstory to the Wrath of Khan dude.,fear,True
that you simply skip a lot of steps.,anger,False
En Aygun.,sadness,False
With that hint you will learn something that can give you an advantage.,disgust,True
"Come, come, come.",sadness,True
Of course he will lie cheat and steal to make him self relevant to the public. Horrible person.,optimism,False
A.,sadness,False
"Yes, someone from this team needs to go home.",surprise,False
We now know for sure that the next one would probably be mine.,disgust,False
So if there was a call...,sadness,False
I think it's a good idea.,joy,False
What do we do?,disgust,False
We all just can't...,surprise,False
I never cook at home.,anger,True
We quickly found a great spot for the first night in Bleskensgraaf.,joy,True
"You say? Yes, I asked them, but it's not possible.",surprise,False
"Strong, that was the goal, right? Yes.",joy,False
Middenbaan Noord. Can I have the camera footage of that right away?,sadness,True
And then I'll never be able to sit on the other side of the house.,surprise,False
"Come on, never leave the shore!",fear,True
"And, even...",sadness,True
Everyone does something.,joy,False
Totally cool.,joy,False
No she would just get 18 years in jail (raising a kid).,anger,False
Id buy those shoes and walk in the dirtiest places just to piss [NAME] off.,optimism,False
Do you understand? I don't have that phone in my hands yet.,fear,True
>Did you just call me a liar? Sick reference.,optimism,False
Oh.,disgust,False
"Also, is-ie er al?",joy,False
Do you feel your lungs out? They are still there.,joy,False
Yeah it doesn't impact much except when they break and cause billions of dollars in damages and irreparable consequences to the wildlife.,surprise,False
I feel like when you say hunter or something like that...,joy,False
"And if I do receive a call, am I allowed to answer it?",fear,False
I don't know you.,disgust,False
"Yes, we have to hurry.",fear,False
Yes? Okay. You are not allowed to take that with you.,anger,True
It does not work.,surprise,False
"Yes, you come here from the other side.",sadness,False
Often people who think a lot are too paranoid.,fear,False
No no no!,optimism,False
"So, I saw the video yesterday. I think there are real complaints by residents, but that video isn't normal, and absolutely crosses into antisemitism.",anger,False
It wasn't like it used to be.,surprise,False
"But when it really gets too much, when my glass gets full...",joy,True
This is not looking good for China's typical method of say whatever the other side wants to hear then do nothing.,anger,False
Romy and Kelly have only been on the run for a few hours...,fear,False
"Consciously, not consciously. I think it's good that it is.",joy,False
"AWWWWW, look at the little snowflake that can’t take cyberbullying and thinks others care!",optimism,True
I'm curious.,joy,False
So happy for [NAME]. So sad he's not here. Imagine this team with [NAME] instead of [NAME]. Ugh.,surprise,False
Then I’m sorry but this game really isn’t for you. Progression like that would ruin the base of what this game is.,anger,True
Stop!,optimism,True
Always.,sadness,False
That game hurt.,surprise,False
"Is it out? Is it coming out? Yeah, I'll do it myself.",joy,True
"We're really walking into the center now, dude.",fear,True
Fifty euro.,sadness,False
You should dm her and say I'm sorry,surprise,False
then maybe they will go to Mariette.,sadness,False
Yo.,sadness,False
No absolutely not.,anger,False
Oh.,disgust,False
"Oh, then you don't have your suitcase.",disgust,False
"Quick, quick, quick!",fear,True
I can't eat cottage cheese every day.,anger,True
"Oh, fuck, fuck, fuck.",optimism,True
If you have to do side task you consider boring in order to power up and take on the main quest I'd consider that grinding.,anger,True
But Kelly is unsure whether they should use it.,fear,True
"My tension is a little higher now, definitely.",fear,False
"Jesus, I'm really busy guys.",optimism,True
"O, shoot.",disgust,False
You have already seen that a number of people...,sadness,False
"You never know for sure, no.",fear,True
Is this another island where we can't wash?,joy,False
"AQ, Team 2, campsite is negative.",surprise,True
"O, hee.",sadness,True
We have to get off that road.,fear,True
There's nothing in it.,surprise,True
Highvliet?,joy,False
"And I immediately get a vision of Kamps-Zuid, where I once lived myself.",joy,True
Who still unironically says SJWs? You look like an idiot saying that.,optimism,True
No? This really sucks.,surprise,False
"But then I thought, don't do shit, don't fucking help.",optimism,False
The positive side to this is i get to relive the same emotions that I felt losing my virginity....ever few months.,surprise,True
"I, too, have lied about getting hooked up by Hasbro to justify the unhealthy amount of money I have spent on Nerf guns. ",anger,True
"[NAME] to [NAME]: ""Don't try and tell me how to defend""",optimism,False
And.,sadness,False
because five new residents are faced with an exciting choice.,disgust,False
then we will simply ring the bell when you are there.,sadness,False
"Either you have had that since you were little, or you haven't.",disgust,True
"I just think it's a shame, because I would have really liked to experience it.",surprise,False
"It's not good for your blood pressure, this.",anger,False
Watch out.,fear,False
I feel like you actually said beforehand...,disgust,False
"No island council, it saves so much stress.",joy,False
I hope you are happy with it.,joy,False
Are we going to get anywhere here? No.,surprise,False
"Ah, Farmville. Those were dark days.",surprise,False
From Antwerp. Yes.,sadness,False
[NAME] damn it I'm so tired of seeing Instagram between fights,optimism,False
"Oh, me.",disgust,False
No negotiations with terrorists.,anger,True
We are here with Sonja's family and friends.,sadness,False
Lol I hate this too!,anger,True
"Yes, certainly, Euromast. Euromast, yeah, fuck.",optimism,True
What is the idea of ​​the roof? I have not been concerned with that.,joy,False
"Shit, the head office is here. We have to get out of here.",fear,False
Where's smoke? Is it fire?,joy,False
That's very strange for you. That doesn't suit me.,anger,False
CHEERING.,disgust,False
Then we wouldn't even have to go to that house anymore.,joy,False
So nothing.,surprise,True
"I'll never be able to get my suitcase through here, will I?",surprise,False
Hallo.,joy,False
Bye.,sadness,False
Heh.,disgust,True
Even though the hunters were awfully close...,fear,True
And that was... I don't want to be the first one out.,fear,False
or a spot of the wifi has been picked up.,disgust,True
IMO the car was mostly at fault for abruptly jumping into the other lane without signaling.,optimism,True
Good. Let's go.,disgust,True
"And because Rajiv's father's bus has been lent, the beacon cannot be placed now.",surprise,False
"Yes, that is true. But hey, I'm a human being, so everyone is different.",sadness,False
"Ah yes, the poison. The worst part of any poisoning. ",surprise,False
I'm going to make the kitchen.,sadness,False
"I mean that’s a stupid rule that creates an echo chamber, but I don’t see how that belongs here.",anger,True
You are my concubine. Yes Yes.,sadness,False
What's the plan now?,joy,False
"Because people that comment on YouTube videos are toxic, filthy heathens.",optimism,False
WHO WON THIS FIGHT My thoughts: neither side did a good job at explaining their positions and this entire interview was mostly useless,anger,True
I don't want to do the book.,surprise,True
"My favorite pod when they are fresh & clear. Sadly, all of my recent packs look like dark brown syrup pods. ",surprise,False
I'm almost convinced that father will become a pivotal figure in that story.,joy,False
For extra measure tape it right by your crotch so she can't take it for sexual assault reasons,fear,False
And I don't know if it's because of the smoke or because of your story.,joy,True
We had an ANPR hit on the father's car...,sadness,True
"En vergeet niet, Big Brother is always watching you.",fear,True
they want to get out of here as quickly as possible.,fear,False
"I've heard that if you get angry, things can really get out of hand.",optimism,False
And in doing so they are taking quite a risk.,fear,False
Now I just want to prove to myself that I can do this.,joy,False
The whole piece succeeds for nothing.,surprise,False
But it makes perfect sense that you...,joy,True
Well being told from a young age that us chubby dudes are not allowed to get the girl ever. Thats is why im asking.,anger,True
of one of our fugitives.,joy,True
You do me with red and sun and then you don't have the first test again.,optimism,False
That’s not true. She represents those who voted her into power.,anger,False
"Yes, super fun. Exciting.",joy,False
"I think, it actually feels pretty okay.",joy,False
And I don't think there is a leader and a follower.,disgust,True
I can't think of heroes. Who do you know around here?,disgust,False
How is it for you?,joy,False
You're delusional and unabashedly willing to lie about others for ideological reasons.,optimism,False
"At headquarters, Selmar threw himself at the missing container.",optimism,False
"""Oh, how DARE you discuss the disgustingly unhealthy and dangerous lifestyle I pursue!"" /s",optimism,False
One thing we really shouldn't do is have a lot of contact with people we know.,anger,False
"I'm just getting emotional, boy.",surprise,False
Maybe we will see each other over on that thread and everyone can openly mock me. You should submit it!,optimism,True
"Now you ruined the surprise!""",optimism,False
"And now I thought, I'm done with it for a while.",joy,True
Yes. That is not.,anger,True
"We're going to have a quiz later. Yes, okay.",sadness,False
Oh my God. Oh my God. Oh my God.,disgust,False
He has to stand there.,sadness,False
but maybe I had the slightest contact with you.,surprise,True
From here they will flee in a few minutes.,fear,False
You're not going to look for it either? No.,sadness,True
Fuck.,optimism,False
"Bye, honey. Bye, honey.",surprise,False
What are all these people doing here with the camera?,disgust,False
Linda drives back into town with helper Mark.,sadness,False
"Hip, hip, hip, hip!",disgust,False
Brutal piece!,anger,True
"Where is the station? Mate, I think that phone is vibrating. Is that possible?",fear,True
Yes that's why. I don't want that.,anger,False
Just walk here. Better here.,sadness,False
Functions perfectly.,joy,False
It can't go off anymore.,optimism,True
so that any suspicious movement can be monitored.,fear,False
> Love is more important than some job. You can't be serious? Please tell me you're just joking.,optimism,True
Maybe you just saw it in a magazine or something?,joy,True
Oh my god.,disgust,False
Aikun and Rajiv wait impatiently in the Rotterdam Veerhaven...,fear,False
Because after that he didn't move anymore.,disgust,True
Thief is the only person I would do this to.,anger,True
"Yes, I will participate.",joy,False
"Not possible, right? Yeah, I'm not going to like that.",anger,False
"TAKE ME TO YOUR CRYPT, I WANT TO PAY MY RESPECTS!",optimism,True
That's annoying.,optimism,False
"If there's no coffee tomorrow, I'm really going home.",surprise,True
But it is dangerous that we called Mariette from the house.,fear,False
You should have noped out of the whole thing the moment the racist with a racist character came into the picture.,optimism,False
We are on the run.,fear,False
We can still put that chair in between and she has an idea how to do that.,joy,False
That also applies to how the game should be played this year.,sadness,False
LAUGHTER.,disgust,False
Thank you. Thanks.,joy,False
"Oh, no. I can't be alone.",fear,False
Yeah it’s not like I want my cat to lick me in a sexual way that’s just weird.,anger,False
She did that on purpose look at her feet shift over before she throws the punch.,optimism,False
We're going to take a shit.,optimism,False
I just constantly hope for mistakes from the others.,joy,True
The most important thing is that we have some kind of place to sleep.,joy,False
nothing is certain when staying in my house.,fear,False
I would be really disappointed right now...,surprise,False
Always do this in complete silence.,anger,True
"I ate 2 lots of rice a day, with chilli. I also had a bowl of high carb cereal. I lost 4stone. CICO, is real! ",anger,True
"Only the [NAME] do so. The rest of us have been exasperated with him for months, at least.",optimism,False
"> The porn that I downloaded was Brazzers produced. In case you don't know, Brazzers is ***anal*** about their IP. Ha get fucked.",optimism,False
"Whenever you get a smelly one, don't you feel ashamed? Like what disgusting thing did I do wrong?",surprise,False
The age of consent is 16 in Massachusetts. Unless they’re sending nude pictures he’s not doing anything illegal.,anger,False
Sadly this story has died down why is he bringing it back up. Just let it die.,optimism,True
I can feel my left knee getting sore now,surprise,False
I am the soulmate.,joy,False
"Behavior I'd consider deeply immoral without showing true remorse (I'm talking rape, torture of animals, that sort of thing).",anger,False
"Yes, he wasn't wearing a black shirt.",disgust,True
They are immediately put under tap.,fear,True
"The very last house on Rabbit Lane, that's it.",surprise,True
"You sleep here, I'll sleep there.",sadness,False
It might be a small lead of 30 seconds or a minute.,sadness,True
Because if you make a mistake...,fear,False
but not before we first look...,sadness,False
We are moving slower than the other camp.,fear,True
So what I'm hearing is your dad didn't do a good job ~~brainwashing~~ raising you :-P,anger,False
And you guys are the quickest to break the mirror.,anger,True
"Yes, some of Lemie's family and friends are here…",sadness,True
"Yeah, calm down, stop guys!",fear,False
"But you guys are always together, aren't you?",joy,False
"Yes, I woke up early.",sadness,False
"I just... I think, just let it go.",sadness,False
Do each other differently.,sadness,False
I once had a guy yell something obscene from the window of his truck and throw a half full beer can at me too... good times,optimism,False
"But that doesn't last, because you have to...",surprise,True
Oh my God.,disgust,False
I saw all kinds of things there.,joy,True
Now!,disgust,False
"Look, what Jeroen says, they don't sit next to the PIN machine...",anger,True
That we will then come to a standstill.,fear,False
Well they called and said there was a pricing discrepancy and they could not honor it. 😭 sad day.,surprise,False
"It can't be any other way, can it?",disgust,False
Not normal.,anger,False
"The construction, the construction is in my opinion a sacred construction here in the...",joy,False
Calm down.,sadness,False
And they are now urgently looking for a safe hiding place.,fear,False
we're going to search the car.,sadness,True
"Depends, do you become so old and senile that you have dementia can’t walk and shit",surprise,True
Without everyone having to be managed individually.,joy,False
The bafel.,surprise,False
I have a little music in my head and then we can go.,joy,False
The braiding plan has been scrapped.,surprise,False
Error.,sadness,True
Aygun and Rajiv are also having trouble finding a ride.,surprise,False
You can't just comb in the kitchen.,optimism,True
That is definitely an unpopular opinion. Upvoted.,anger,False
I'm sorry that's what you read because it isn't what I said.,optimism,True
He also stands still here for quite a long time. I think almost fifteen minutes.,optimism,True
See you in three weeks.,sadness,False
"*and, sorry for the spelling mistake",optimism,True
That sucks! Your lady giblets are NONE of her damn business. Does your BF at least try to curb her mouth?,optimism,False
But pretty much the entire Torah is in masculine language. Weak argument on their part.,anger,False
...sick bad.,surprise,True
We have to make sure we open that hunt...,fear,True
"Yes, fire.",sadness,False
"We are now in Krimpen. Yes, almost in Krimpen.",sadness,False
"Without fail saying ""moist panties"" makes every woman cringe.",anger,True
"Hand ur phone to a buddy and let them send the text asking her out. Worst thing is she says no, but it's better then not knowing ",fear,False
There's nothing in it.,surprise,True
"Yeah, you know what it's like when it rains and the water goes?",sadness,False
"we don't go to people we know, not from the start.",anger,True
You’re not going to convince anyone else either if you refuse to back up any of your claims.,anger,False
It's going too fast at once.,fear,False
😭 I wanted her to be on the top 4; now we’ve heard plenty of times [NAME] mentioned so pretty sure ain’t gonna happen,surprise,False
I'm here!,disgust,True
"I hope I can take him with me, but I doubt that will be the case.",surprise,False
then send a message to Kees or Mariette.,sadness,False
No. Also not.,anger,False
See them.,sadness,True
"Welcome back, you're watching Big Brother.",sadness,False
We have to go to the station. There is no other way.,fear,True
Don't know.,disgust,True
"Hey now, don’t try to have the guy killed. This is an upstanding sub. ",optimism,True
You've already had to say goodbye to your cell phone. Did that hurt?,surprise,False
Lmao you fart bigger to cover up the first one,optimism,False
joy and sadness.,surprise,False
"Real. My mom, she's sitting there, she's really my number one.",joy,False
"Go, go, go, go.",disgust,True
"Yes, those I leave behind are friends and family.",surprise,False
Oh my God.,disgust,False
"> [NAME] huh she hasn't even cast a vote on anything yet, you can't just apply your preconceived biases onto a person without a voting record",anger,False
And that is the tension that it brings.,fear,False
I think you're there.,joy,True
So true it hurts.,surprise,False
"Ah, you don't have one. I do not have any.",surprise,True
that he might jump too early.,fear,False
Soooo [NAME] is f**ked,optimism,False
"But I shouldn't be alone, right? I do not want that.",fear,False
"Yeah, I don't know much else either.",surprise,True
Nee.,sadness,False
I like [NAME] but he's biased. If he's planning to becoming a real journalist he needs to leave his bias at home.,anger,False
Because I just don't know what's coming.,fear,False
"If you had a giant rock on your land, and you couldn't stop people climbing, wouldn't you be pissed?",optimism,False
And that means you have to go home.,surprise,False
He also just sits there as hard as a rock.,joy,False
"We have to go over the fence here, because then they shouldn't be able to see us.",fear,True
I think it is more likely that you simply do not know what science is.,anger,True
MUSIC.,sadness,False
"Thank you, big brother.",joy,False
"Unfortunate for him, but I'm bringing up players. >AND they can just stop being a support.",anger,True
To experience nature again in this way.,joy,False
Listen to yourself. What other things do u want to shove down the throats of others in the name of tolerance and humanity? [NAME].,optimism,True
Delete your account.,anger,False
his traps hide the fucking sun.,optimism,False
"Yes, because there is someone else who is 52. No!",disgust,False
What then?,disgust,False
So I'm sick.,surprise,True
She has a lot of muscle and becomes quite unpredictable when she gets angry.,fear,True
I have a deep seeded hatred for close-minded people too.,anger,False
"No, magazine is not possible, but maybe online.",surprise,True
Ah!,disgust,False
"At home, you never sit with seven people in a building watching your food being cooked.",optimism,True
I had never seen an island council before.,disgust,False
I thought I was going to be sad.,surprise,False
No money can go in here.,surprise,True
TV GELDERLAND 2021.,sadness,False
"Oh, my God, the diary room.",disgust,False
"Fucking hell, man.",optimism,False
That's quite a distance.,disgust,True
That must go through this mysterious mirrored door.,joy,True
That's not a key.,anger,True
No going back after switching to a safety razor. Even the most expensive blades are 10x+ cheaper than Gillette.,anger,True
It's nice if you're off the ground.,joy,True
He already felt bad. He was the only one who came with a suitcase.,surprise,False
"I swear of all the people that dislike artifact, the gwent crew is by far the most obnoxious.",optimism,False
Are we going to get something here? No.,surprise,False
And her biggest challenge is that she has to miss her grandparents for so long.,surprise,False
Who will manage to stay out of the hands of the hunters?,fear,True
"Unfolding the ponchos on the beach, good night.",sadness,False
"In Breda, Bishan and Shiva's wait is rewarded.",joy,False
"Oh nice. Yeah, I can't do it.",surprise,True
Don't know. Don't know.,disgust,True
how the first residents are settling down comfortably.,joy,False
Well done!,joy,False
this is so niche but i still felt that shit in my bones,optimism,True
And!,joy,True
I just want to do really well.,joy,False
Whoops yeah my bad And no just from the pictures ive seen there were just u opened sauce packets arranged on platters,surprise,True
They wanted to come and say goodbye.,surprise,False
Two proud Venlo residents and best friends.,joy,False
And there will undoubtedly be a reason for that.,joy,True
Kitsune.,sadness,False
"If it goes wrong again, if that person keeps falling,",fear,False
Do you want to do that? Are you better at it?,joy,False
I'd say don't read out loud. Otherwise you will hear it.,fear,False
And.,sadness,False
Stand-by.,sadness,False
They only want one thing. Under the radar as quickly as possible.,fear,False
Big Brother himself.,sadness,False
We are on the run. We have to go somewhere.,fear,False
"Well, here we go again.",sadness,False
It is also plausible that they are in that car.,joy,True
Bye. Bye Bye Bye.,surprise,False
"Anyway, this looks dangerous.",fear,False
Political affiliations has only little correlation to individual intellectual ability,anger,True
"Never mind, we're home.",sadness,False
Just get out of here now. Where are we going now?,fear,False
"Oh, dear.",surprise,True
"Moreover, the mysterious truck combination seems...",joy,False
"I can't stand [NAME]. Especially since her ""tatooing my own face"" video. ",optimism,False
Exactly. Stop talking and let the adults speak u/MeatheadVernacular.,optimism,False
that she can take the suitcase with her?,sadness,True
"I'm gonna jump. Yes, I will.",disgust,True
Oh.,disgust,False
One of those two is the fugitive duo Bishan and Shiva.,joy,True
Just wait. Wait for the false promise. Wait for the mandatory prompts. Wait for the empty gestures.,optimism,False
Then it's exciting again all at once.,disgust,False
So the bankruptcy was actually not necessary at all?,joy,True
It really can't go on anymore.,surprise,True
I'll never come back here again.,surprise,False
Quickly to the next resident.,sadness,False
"And what that means, you guessed it, only one person knows.",joy,True
"Yeah, he'll get it, won't he?",joy,False
Look at that shit-eating grin,optimism,False
We'll get him in here.,joy,False
Fire seems useful to me.,joy,False
"This is r/tifu. If you're not caught jacking it into the turkey, you're doing it wrong. ",anger,False
I would prefer it to just continue naturally and then have those bores on top of it.,optimism,False
"Anyway, I'm a little nervous.",fear,False
To get out of here as quickly as possible...,fear,False
And I also do modeling.,sadness,True
A.,sadness,False
Cus the left doesn't give a shit about people who fought for the USA!,optimism,False
which has emerged as a possible hideout of Aygun and Rajiv.,joy,False
"You're not going to KDG. No, I'm going to AP.",disgust,True
Solid argument. Honestly this game’s a mess and impossible to balance for both sides equally.,anger,False
Then I come to that.,sadness,False
I can not do that.,anger,True
It's here.,sadness,True
The problem is I'm not 100% sure.,disgust,True
"Is 23 years old, once decided to completely change course...",disgust,True
Why am I doing this to myself? It's a kind of tropical prison.,disgust,True
They've only been on the run for a few hours and already the paranoia is setting in.,fear,False
"So this is where we're all going to eat, or what?",disgust,False
Yes. One of her fingers is getting a sore on it and there’s concern it may push her into needing braces.,fear,False
Then of course we come...,sadness,True
At the intersection of Willemstraat and Spoorstraat.,sadness,False
We will soon welcome the next new resident here...,joy,True
Manjariq!,sadness,True
So it is crucial that everyone grabs one.,fear,False
The wort fugitives are not allowed to leave the Netherlands.,anger,False
and will absolutely not be fooled anymore.,anger,True
That's Rajiv. Yes.,sadness,False
And one person was allowed to take his belongings with him.,sadness,False
"I'm going to have to be alone here, aren't I?",fear,False
Whoa.,disgust,False
"I agree it’s disrespectful to so blatantly disregard her parents wishes but yes, otherwise too uptight.",anger,True
"Yeah, I think we're all going to see which is the strongest team.",joy,True
Start of that scaffolding. Great.,disgust,False
Would you like to go to Leiden?,joy,True
"Search history, safari.",sadness,False
"Funny, the right only seems to say this about women and people of color 🤔🤔🤔",optimism,True
Why am I leaving them behind? Good question.,disgust,True
Yes please. Then we think we will do something further there.,joy,False
Of course I would never have done it otherwise.,disgust,True
And.,sadness,False
where one of the expedition members will be sent home immediately.,surprise,False
"If we don't get away now, we'll be in check immediately.",fear,False
Sadly I think this is true & maybe this is the incentive adults need to get into action,surprise,True
The horn is honked three times. Ouch.,optimism,False
Everything has changed so much,disgust,False
"“[NAME], I tried to make ramen in the coffee pot and I broke everything” - [NAME]",optimism,False
Bro!,disgust,False
He is going to hate 2019...,anger,False
That they get it?,joy,False
Good. I'm a little bit nervous. Why?,fear,False
Sure sure.,joy,True
"Yes, so let's do that then.",sadness,False
We are on the run and need our own place to sleep.,fear,False
But the norms and values ​​of our...,sadness,False
Because food is made. Yes.,sadness,False
Then Linda is dropped off at a point without cameras...,sadness,False
"Hype, hype.",disgust,False
She's not going to try it again.,anger,False
Who do you think will get out?,joy,False
But if that car were to possibly take us for debit cards...,fear,False
You'll miss a begging old man asking for a spare coin. RIP,surprise,False
I thought it was very good. The guy was one sick bastard that’s for sure.,anger,False
"That's ironic. Because [NAME] isn't getting the Wall funded, we are pulling more resources off the border blockade effort?",optimism,True
Going to hide for a while?,fear,False
"I don't know why, but I feel like the other group is really close.",joy,False
And the realization immediately dawns that we have to go to the island.,disgust,False
The wort volatiles are considered AAA criminals.,anger,False
"Okay, so I'm going in between here?",disgust,True
Oh. But do you think that...,joy,False
Ah.,disgust,False
"No, but I don't want to be here.",surprise,False
"Verisimilitude, which here means, utter bs meant to help justify terrible favouritism.",anger,False
It's always about you.,optimism,False
The fanless friends Bichan and Shiva cannot...,anger,False
"And after this grand opening, of course also on the streams.",joy,True
No. Let's do that for a moment.,sadness,False
"but there's no way I'm going to show it, you just shouldn't do that!",optimism,False
One of those two from that duo is leaving.,surprise,False
"We have to get out of here, right? Yes.",fear,False
Idgaf anymore. I lost all hope in moids. I'll keep looksmaxxing for myself.,surprise,True
Everyone actually sees what needs to be done.,joy,False
Not this sub’s fault the ((([NAME]))) is full of idiots,optimism,False
You can't release A New Hope 2.0 in China if you do that though.,anger,True
Ugh. The Google Plus BB community is the absolute worst!!!,optimism,False
I'd rather have a canopy than a really bad roof.,joy,False
It will be taken from your winnings money if we drop out now.,fear,True
"At headquarters, they know nothing better than that Bishan and Shiva...",sadness,True
You have to stay sharp.,fear,True
You have to ask again a hundred times.,optimism,False
And there's a reasonable chance he's out there somewhere.,joy,False
Or that we no longer know what to do.,disgust,False
Yes? Okay. You are not allowed to take that with you.,anger,True
"It is open to it, but it is not.",surprise,True
That's going to take a long time. Blow on that rope. Blow on that rope.,fear,True
more important than the container.,sadness,False
We don't know the whole road here either.,disgust,True
"Yeah, [NAME] stans cannot get enough of it. In their little bubble [NAME] can outsmart a queen with experience in dealing with petty people. ",optimism,True
I could really cry. I was like...,surprise,False
"Ah, what the fuck?",disgust,False
I found it really annoying.,optimism,False
One two...,disgust,True
"No, it's wonderful man.",joy,False
They wanted to come to say goodbye.,surprise,False
I watched a really bad horror movie she starred in but I think it predated VPR.,anger,True
"That's professor [NAME] to you, savage!",optimism,True
Sally.,sadness,False
Good old guardian refusing to accept that [NAME] is stauncly anti-EU and anti-Brussels,anger,False
why did I choose this job?,disgust,True
My name never appeared on a piece of paper on the previous expedition.,surprise,False
How do you feel? A little nervous.,fear,False
"Yes the ammo health thing really is a chore. Too much realism. we want have some fun in a realistic setting, not a simulator. ",anger,True
Wait a second.,sadness,False
Are we following you? Yes.,sadness,True
And.,sadness,False
Sorry for the inconvenience.,surprise,True
"Is it on then? Let out, let out. That is not necessary now.",optimism,False
Would you like to grab the one from Davy on May 17?,sadness,False
